user_id,gender
150376638,1
150694282,1
150694521,1
152467510,1
151514794,1
162548229,1
120980992,1
162285430,1
162771175,1
171401283,1
171525059,1
162576115,1
162801685,1
175437839,0
162824840,1
152471424,1
162286683,1
162286860,1
163607828,1
162480474,1
150376555,1
150376557,1
150376623,1
99674801,1
150376639,1
150694103,0
62447542,1
162435975,0
171356134,0
162688930,1
162770975,0
162480538,0
171525804,1
163195246,1
150678697,1
163564288,1
175155131,1
150291142,1
162515629,0
87442823,1
149373218,1
149373220,1
149373226,1
149373251,0
149373252,0
149373258,0
149373259,1
149373263,1
149373264,0
150376636,1
150422526,1
150694330,1
151669776,0
162428174,0
162479738,1
195757601,1
162545128,1
163603924,1
149373219,0
149373221,1
149373223,1
149373227,1
149373230,0
149373233,0
149373249,1
149373260,1
150422502,1
162439469,1
162466733,1
150633446,1
162433572,0
162433510,1
162438997,0
150540316,0
162482738,1
162480094,1
150593548,1
162482680,0
123241611,0
149373222,1
149373224,0
149373228,0
149373231,1
149373255,1
149373256,1
149373262,0
150422450,1
150422451,0
150422504,1
162518320,0
195739489,0
162460206,0
162479737,0
120592645,0
162432097,1
152050652,0
162482369,0
157841020,0
149373217,0
149373225,1
149373232,0
149373254,1
149373257,0
149373261,0
149728985,0
150284942,0
150422460,0
162427977,1
171357277,1
162886962,0
150558618,0
162433776,0
162441156,1
162459878,1
120592380,0
162710667,0
162702625,1
162425645,0
75369134,0
149373331,0
149373333,0
149373343,0
149373346,1
150422454,0
171357260,1
171357264,1
171907342,0
162480396,0
162480358,0
162480028,0
162481567,0
171969121,0
162483073,0
162423135,0
162809545,0
162480402,0
162858236,0
162480693,0
132400080,0
149373358,1
150143181,0
150422457,0
150422459,0
163735468,0
171907753,0
171966191,0
162413384,0
171975546,1
172351941,0
162479699,0
162575625,0
162440825,0
162434621,0
162423759,0
145165285,0
196606400,0
151057307,1
149373347,1
149373355,1
149375966,1
149375985,0
149375990,1
150284928,1
150284929,0
150284934,1
150422458,0
162628303,0
162724414,1
63959747,1
162480329,1
99675806,0
162473408,0
162871282,0
162061133,1
195058207,1
162524887,1
149375973,1
134697809,1
150276478,1
150276492,0
150284925,1
151083735,0
151336918,1
151337387,1
173341160,0
173341161,1
162807278,1
162479949,1
151121881,1
162480333,0
162483351,0
162432683,1
122368446,1
162483349,1
162761165,0
149373345,0
114053711,1
150234994,1
150234996,1
150235005,1
150236389,1
150236395,1
150276485,0
150276490,1
150284930,1
150422507,1
162739692,1
162480523,1
156577182,1
162480490,1
197492718,1
162606532,0
162479799,1
163492485,1
162039172,0
150234974,1
150234982,1
150234984,1
150234993,1
150235001,1
150235004,1
150235007,1
150236390,1
150236396,1
150236408,1
150236421,1
150694331,1
161206920,0
163489017,1
171356840,1
162067835,1
191290529,0
151076640,1
151016041,1
163494769,1
128346176,1
134697514,1
150234977,1
150234979,1
150234998,0
150234999,1
150235000,1
150235003,1
150236415,1
150236416,1
150236422,1
150236423,1
150263180,1
150376570,1
165326864,1
162623781,1
162559874,1
162071800,1
162799913,1
153118110,1
150234983,1
92929852,1
150234990,1
150236387,1
134697261,1
150694533,0
171556272,0
175909098,1
172022185,0
162549456,1
162857175,1
162800455,1
162772596,0
151316610,1
171556286,0
149373456,1
149373458,0
150422470,1
171293348,1
171295753,1
122331368,0
171372331,1
171372334,1
171372341,0
171556264,1
171556308,1
171595316,0
171595380,0
171595501,1
173141719,1
194886427,1
171556414,1
171556303,0
171595354,1
150422473,0
150422475,0
150422483,0
150422499,0
150422500,0
171196090,0
171595294,0
171595358,1
171595424,0
171595454,0
191290464,0
193851934,0
171610979,0
171595371,1
171196139,0
212736408,1
171595450,1
135266498,0
212736415,0
149373372,0
149373383,1
150422478,0
150422479,1
64658112,0
150422517,1
171195879,0
171357274,0
171441710,0
171595288,0
171595297,1
171595441,0
171595911,1
174425587,1
191290746,0
194871447,1
171595434,0
196936067,0
171295872,1
99674590,0
150151839,0
150422476,0
150422482,1
150506029,1
150129021,1
171597185,1
150112049,0
150120337,0
150108444,0
151820032,0
150176103,0
150132506,0
150416985,1
150111487,0
150152611,1
150143066,0
150137285,0
150358981,1
123250330,1
150376617,1
150293482,1
129582717,1
150132965,1
150121413,0
150113581,1
150307253,1
150176149,0
150136607,0
150151753,0
150132786,1
150111213,0
150307274,1
150112912,1
150181386,1
150131962,1
150132079,1
150135744,0
150132351,1
132400107,1
150174030,0
150670830,0
150560354,1
150306720,1
150541946,1
150165093,1
64653351,1
150321763,1
150172231,1
150110787,0
150110143,0
150132590,0
150174020,1
150133455,1
150396479,0
150132010,1
150152549,1
150413307,1
150113641,0
151514454,1
155361638,0
155361644,0
162311504,1
162323259,0
162325232,0
162326097,0
162331165,1
162326255,0
162331163,1
162332668,0
154088279,0
162336234,0
162332684,0
162434772,0
162346482,0
162436093,0
171402019,0
150321922,0
150110351,0
151517736,1
154028188,0
155361637,0
155361688,0
162316039,1
169030657,0
162329350,0
162381049,0
162610343,0
162362389,1
162814569,0
162327057,0
162325620,0
162348169,0
171401751,1
171402113,0
162425221,1
153820216,0
117190900,1
155361639,0
162325638,0
162358978,0
162336471,1
162314505,0
173699980,0
173701347,1
173733014,0
162311164,1
162300466,1
162410994,1
65234858,0
153647737,1
173831471,1
162298197,1
171771805,0
174410720,0
123246479,1
123246487,1
155361410,1
155361411,1
162763365,0
173704292,0
162375011,1
162300637,1
162324018,1
162317419,1
154968771,1
162441260,1
173831472,1
162304093,0
175909552,0
191290457,0
173700987,0
174393430,1
154167214,1
155361408,1
173701086,1
173717277,0
173754252,0
173831467,1
165976870,1
173831468,1
173831469,1
164951876,0
163501424,1
162316042,0
162301956,1
162311470,1
162315953,1
162788240,0
202743306,0
173716494,0
148582809,1
155361409,1
155361413,1
162346565,1
171400875,1
173700973,0
171967743,0
173713978,0
173816850,1
162318432,1
162309351,1
162322282,0
162314530,0
162314018,0
162378058,1
162412571,1
176384497,1
162358179,0
173650906,1
150376661,0
150376662,0
154595678,0
162346521,1
162346717,1
166802194,1
152254384,1
188303735,0
151906221,1
152254896,1
99674828,1
152302806,1
152286797,1
152254388,0
151944439,1
152281179,1
152255514,0
153637753,0
155634563,1
157384820,1
157384900,1
162346570,1
162346616,0
152333566,1
151877037,0
152324714,1
152833585,0
175404235,1
152254450,1
151812354,1
145852664,1
151877151,0
99675592,0
176623121,0
173005925,1
153386157,0
150056332,0
150056334,0
150056343,1
150056348,1
150056355,0
150056356,1
150056360,1
150056361,0
150056364,1
150056369,0
150056370,1
150056377,1
150056379,1
150056387,1
150056390,0
150056407,0
150056409,0
150056411,0
150056418,1
176083455,1
150056328,0
150056333,1
150056336,0
99674858,0
150056346,1
150056354,1
150056357,0
150056359,0
150056368,1
150056372,1
150056386,0
150056393,1
150056395,1
150056408,1
150056410,1
99674876,1
150056413,0
150056416,1
150056417,1
150056420,1
118336888,0
149051842,1
150056339,1
150056351,1
150056352,1
150376587,1
152460772,1
152296350,1
171356144,0
171356162,0
171356163,0
154358964,1
191290450,0
195299903,1
211961408,1
211972898,1
212736680,1
212736682,1
212736685,1
165326469,1
123247061,1
123250760,1
150376573,1
150594550,0
164140998,1
89896920,0
171061441,0
171356143,1
171356145,1
171356165,1
122758762,0
175175991,1
203748191,0
175176000,1
189994105,0
156985577,1
153711623,1
156518020,0
152459065,0
153519721,0
155706859,0
156071580,0
153561358,1
153034130,0
165685398,1
153527038,1
153034240,1
165658674,1
153247865,0
153604462,0
166935425,0
151590159,0
152834654,1
153708696,1
153033640,0
134697482,0
154019857,1
153786504,1
153431760,0
153812902,1
153033444,1
152539750,0
153036995,1
153701995,0
153117231,1
153033474,1
153444291,1
162075743,0
162088124,0
153525901,1
153281766,0
153054766,0
153711474,1
153714228,1
153481535,0
153054649,0
153521713,1
152785902,0
212736718,0
150423346,1
150423350,0
150423401,0
150423411,1
150423446,0
151860602,0
191290332,0
66589102,0
155294979,0
191455285,0
191455287,0
210151029,0
210152446,0
155071691,0
212736722,0
162092456,1
212736725,0
175401977,1
120895517,0
150423352,1
150423361,1
150423370,1
150423388,0
155231923,0
191455281,0
191455282,0
191455283,0
191455284,0
191455290,0
155062325,0
162093591,1
162092068,1
155706799,0
88620464,1
155055111,0
155565110,0
162075504,1
150234995,1
150236388,0
150236392,1
150423353,1
150423354,0
150423408,1
150423418,0
150423449,0
168469966,1
155251994,0
171529170,0
155084436,0
156137518,0
191455280,0
212736739,1
155115406,0
212736742,1
154960265,0
162097433,1
123253606,0
150234981,1
150234989,0
150234991,1
150235002,0
150236393,1
150236403,1
150236405,1
150236406,1
150236410,1
134697728,1
150236417,1
150236420,1
150376650,1
150694288,1
156700897,1
162564806,0
162863720,1
151277222,1
123241445,1
150234973,1
150234975,1
150234978,1
150234988,1
150234992,1
150234997,0
150235006,1
150236391,0
150236394,1
150236397,1
144290625,0
150236407,0
150236414,1
150236419,1
150376572,0
150693886,1
195139469,1
162547644,0
123241904,1
150416593,1
150416594,0
150416595,0
158659988,0
153516400,0
153647481,0
171595381,0
152148136,1
153444891,1
171556425,0
159422511,1
153763692,1
151598237,0
153315824,0
152144640,1
153595852,1
151056853,0
151608263,0
123241721,1
153756387,0
152266922,1
151047638,1
153629386,0
158891514,1
153242550,1
153589734,1
153260863,0
122765722,0
167679971,1
153498845,1
153786249,1
153130672,1
153488108,0
153489325,0
153233504,1
153793557,0
151860757,0
150416592,0
150416649,0
150416694,0
161206892,0
161206893,1
161206904,0
161206906,0
161206908,1
161206917,1
161206942,0
161206948,0
161206951,0
161206954,1
152361300,0
153469605,0
159372741,1
151047794,1
153573228,1
158306516,0
153492674,0
151087457,0
155361393,0
161206905,0
161206912,0
161206916,0
161206918,0
161206921,0
161206925,1
161206929,0
161206930,1
161206931,0
161206934,1
161206945,0
120470278,0
161206953,0
161206957,0
161206958,0
161206962,0
161206965,0
149373235,0
155361400,0
155361401,0
155361405,0
159752905,0
161206895,0
161206896,1
161206897,1
161206898,1
161206900,1
161206903,0
161206911,1
161206915,0
161206924,0
161206936,0
161206938,0
161206955,1
161206967,0
122189184,0
162093983,0
149373236,1
149373237,0
149373241,0
149373242,1
149373244,0
150376600,1
162059301,0
162063424,0
162097495,0
162100147,0
162090061,1
171372467,0
157207983,0
162095540,0
162057048,1
162087334,0
162096978,0
162063686,0
198515025,0
149373243,0
149373245,0
149373246,0
149373247,0
149373248,0
149373265,0
162100143,0
162095578,0
162092732,0
162094331,0
162441227,0
162099892,0
162057033,1
162094950,0
155002798,0
162060901,1
162096344,0
123244747,1
149373234,1
149373238,0
149373240,1
162068312,1
162053830,0
171356394,1
162064244,0
171372468,0
162064879,0
191290291,0
122758807,0
162313633,0
162099961,0
162090932,0
150702999,0
162069908,0
150701107,0
162085304,0
162075931,0
150700802,1
150703326,1
162052727,1
162083372,1
122372029,0
162055377,1
161996251,1
196929986,0
162093776,1
150701132,0
162087798,0
162070020,1
150701577,1
162078009,0
162095426,0
162086153,0
150715730,1
150702030,0
162091052,0
162076082,0
150416686,1
162063463,1
162098796,1
162071995,1
162093383,0
171356395,1
162091803,1
150702630,1
162092150,1
162092454,1
195687092,0
162081836,1
150701517,0
162071535,1
162060954,1
150701662,0
162098033,1
150701119,1
162084079,1
162096956,0
150416638,1
171196125,0
162087923,0
99674807,1
162064026,0
162078061,0
191290430,0
162068648,0
162002953,1
156144703,0
150701545,1
64787119,1
162085550,0
162080340,0
162014739,0
162013956,0
162010931,1
162006505,0
162006236,1
110440611,1
92916838,0
162090834,0
162096874,0
162013074,0
162097137,0
162015536,1
162076634,0
121871211,0
162085293,0
162004602,0
149373398,1
198488129,0
162012569,0
121757127,0
162025455,0
162097949,0
162004062,0
162053278,0
162097445,0
118519133,0
99318367,1
150376440,1
150130686,0
150167226,0
162010414,1
162051342,0
162027951,0
162051545,0
162005196,0
162087831,0
162029385,1
162011741,0
162093391,1
162087817,0
162090657,0
162029232,0
162097639,0
162062597,0
162060692,0
150111609,0
150150286,0
150132724,0
150152888,1
155253561,1
155353090,1
150120809,0
150167060,0
150132945,0
150143773,1
150132779,1
150175888,0
150176176,0
151196984,1
150320839,1
150554828,1
150543553,1
150553937,1
150112695,0
131088440,1
150422520,1
163733670,1
163735158,0
152471544,1
171192824,0
171192828,1
171192841,0
150132792,1
155214880,1
171606887,1
155229315,0
162326702,1
152363025,0
155774415,1
155234404,1
155212330,1
150110138,0
150422489,1
150422490,1
163733744,0
163739496,0
165645204,0
171192817,1
171192819,0
171192825,1
171192838,0
171192849,0
171192857,0
171192860,0
153144822,0
165514697,0
152046106,0
151253317,1
151260837,1
152054863,0
152281302,0
162480064,1
151234350,1
151572879,0
153247356,1
148139274,0
153035412,1
153029865,0
153251154,0
157425647,1
153165705,0
151304785,0
153089219,1
151290367,1
152448507,0
151809877,0
151260214,1
65293018,0
152481855,0
122368436,0
151970986,1
151390151,0
150236401,1
150693842,1
151782711,0
153167381,0
144616297,0
153056567,1
158901393,0
151272239,0
151277370,0
151693191,0
151458934,0
152536377,1
151248632,1
151304350,1
152571684,1
151783006,0
99675700,0
152325602,0
162574389,1
162458419,0
150376556,0
150376558,1
150376559,1
150376666,1
150693929,1
165378915,1
162281968,1
162626351,1
162770506,1
162548286,1
163641121,1
162626402,1
162646259,1
162279870,1
158990699,1
163639009,1
162470575,1
162441221,0
162482509,1
162762036,1
132400063,1
150236400,1
150376561,1
150376637,1
150376667,1
150693829,1
150851678,1
161234405,0
162444311,0
171401706,1
162544489,1
162858486,1
162547490,1
171525838,1
163197129,1
162925167,1
151514297,1
163696413,1
162774196,0
162480470,1
150694165,1
158757092,1
162093418,1
162062598,1
162083371,1
151068981,1
161996015,1
162083877,1
151574438,1
161996008,1
162097344,1
161998076,1
161277897,1
162381807,1
152581411,1
152512440,1
162033139,0
159132035,1
152512197,1
162053771,1
154390710,1
171556325,1
162089572,1
161935910,1
150422788,0
162098231,1
161935092,1
161293175,1
161997518,1
162060253,1
162063551,1
154662386,0
152521049,0
154662414,0
152567462,1
122368448,1
162081568,1
103446618,0
123244100,1
149373351,0
149483995,1
171061458,1
171354435,0
158926598,0
152405116,1
162482325,0
161997088,1
153106146,1
162097929,1
155240748,1
161278982,1
162172720,1
152512471,1
162076255,1
162034387,1
162576213,0
149373348,0
149373484,0
149375977,1
149375986,1
150276493,1
150422529,0
171357265,1
162625949,1
162574700,1
162448935,0
155996344,1
162627553,0
162438056,0
195237765,0
162481549,0
162575005,0
123240746,0
149358102,1
195058205,0
162480666,1
149373335,0
149373354,0
149375969,0
150276487,1
150284935,0
150422455,0
168470064,0
162481521,1
162589936,1
153165864,0
162575180,0
162440989,0
173341163,1
73129941,0
191290507,0
162830093,1
195057933,0
162433654,1
212742033,1
150416663,0
150416664,0
150416692,1
153503509,1
152733941,1
155062609,0
153645854,0
153130875,1
162480559,0
152443158,0
153167668,0
151047701,0
176959588,0
153503075,0
153630958,0
152153688,0
156086474,0
151047745,0
152155894,1
150416693,0
159361708,1
159373368,1
151057016,0
155198753,0
153572723,0
151047709,0
151047715,1
153120312,0
159019204,1
156007094,0
152137851,0
151056960,0
153168758,1
154368855,1
155150780,0
151056844,1
152127031,0
159151884,0
153234320,1
155361640,0
169030650,0
162331299,0
162332716,0
162433177,1
162807344,0
162436101,0
153301022,0
155300368,1
152290424,1
191290506,0
195275108,0
151057782,1
153497209,0
153501178,1
152128291,0
151048005,1
153429925,0
151056661,1
155361643,1
162481435,0
162341717,1
162345327,1
162331180,1
162339603,1
162361756,1
162441255,0
169030760,0
148641432,1
162479909,1
162377108,0
169030762,0
162812776,0
162349116,1
162348208,1
162332688,0
162425357,1
162423623,0
151515350,1
155361641,0
155361702,0
162357645,0
162325255,0
162326754,1
162576765,0
169030761,1
162432840,1
158287903,0
162325909,0
162346640,0
162327191,0
162431811,1
162440761,0
162331139,1
162325475,0
162097573,1
150346485,0
204081791,1
150376552,1
151084393,0
150804185,1
150435110,1
150785743,0
150610573,1
150506338,1
150681725,1
150680249,1
150321416,1
150417313,0
150657973,1
150498297,1
150334404,1
190035946,1
206034543,0
151134752,1
150500639,0
151574303,0
123240913,0
150376554,1
150376631,1
162876795,1
150322526,1
151303467,1
150493166,1
151540942,0
150320315,1
150492933,1
150623718,1
151046617,0
150320894,1
150623593,1
150320785,1
150328576,1
150500312,1
150503560,0
162774784,1
150501275,0
150376551,1
150422492,1
150610572,1
163730334,0
171192820,0
171192827,0
171192829,0
171192831,1
171192840,1
171192842,0
171192846,1
171192847,0
171192855,0
171192856,1
171192864,0
151669782,0
150491376,1
150606163,1
150500417,1
148577305,0
150422493,1
150422518,1
150422521,1
150422522,1
150422531,1
163718691,1
163734878,0
171192808,0
171192809,0
176080161,0
171192815,1
171192826,0
171192833,0
171192834,0
171192835,1
171192843,1
171192851,1
171192854,0
171192861,0
150422491,1
150422519,1
150422524,0
163742033,0
165952442,0
171192818,0
171192821,0
163734946,0
171192830,0
171192832,0
171192836,0
171192837,0
171192839,0
171192845,1
171192850,1
122765952,0
120592221,0
171192858,0
171192862,0
171192863,0
150422487,1
150422494,1
150422495,0
150422525,1
163734883,1
168924619,1
171192807,0
171192816,0
171192844,0
134697049,0
171192859,0
171357281,1
187310647,0
187717238,0
188175995,0
188238810,1
162095025,0
212742260,1
188195519,0
148588948,0
150422466,0
163719410,1
163733777,1
168924618,1
168924624,1
168924630,1
168924635,0
173588776,1
187717251,0
187717268,0
187720292,0
188173568,1
194886426,0
195219538,0
195414949,1
209806438,0
212742264,1
212742265,1
188298198,0
167668849,0
168924636,1
168924637,0
171357266,1
171357268,1
171357269,0
171357270,0
171357272,0
187717119,0
187717174,0
188180369,1
188317809,0
191291325,1
193868274,0
195130933,1
211964311,1
211964319,1
212742279,1
212742282,1
187717227,0
149316391,1
168924616,0
168924623,1
168924629,1
168924638,1
149470210,0
187717163,0
187718623,0
187718529,0
120592506,1
194787947,0
149501179,0
194886425,0
195101200,1
198333003,1
212742287,1
212742289,0
154757901,1
149925820,0
149318773,1
149790294,0
149484341,1
149469211,0
149360954,0
149323298,0
149475405,0
149795596,1
149526493,0
149360702,1
149315295,1
149928288,1
149550758,1
149524101,0
149929696,1
149927627,1
149501086,1
149926675,1
149481090,0
149484059,1
149506704,0
149928551,1
149356618,1
149819397,1
149560857,0
149531914,0
149475410,0
149375784,0
66588967,1
149559003,0
149551182,1
149316327,1
149478518,1
149357901,1
149803769,1
149541575,1
149749503,0
51591831,0
123241510,1
122331329,0
149373445,0
149373468,1
149373469,0
149373474,0
150423393,0
150423435,1
150423437,0
171514461,0
168469960,1
168469964,0
168470067,0
168470071,0
171354437,0
171372340,1
197198788,1
200952786,1
76897321,0
168684500,1
121732006,1
123245880,1
150423391,0
155361621,0
151405311,1
155361678,0
155361679,1
158912837,1
159432999,1
176646418,1
190037977,0
151087979,0
159419754,0
159381680,0
171447695,0
159119434,1
188851429,1
159422597,1
151114069,1
151083822,0
151860615,0
151860706,1
151861496,1
155361618,0
155361620,0
159787992,0
159252166,0
159381157,0
151289463,1
191290372,0
99674669,0
159333885,1
159271314,0
158971929,1
158894811,1
159419295,1
159162260,1
151701195,0
121218305,0
148721301,0
149269342,0
149808959,0
151083320,0
151083516,0
151084233,0
151085184,1
151086682,0
151087957,1
151100701,1
151118031,1
151118476,0
163662253,0
159431593,1
159238939,0
159406857,1
159250885,0
159272903,1
151303252,0
151083588,0
151083729,0
151084602,1
151084646,1
151085393,0
151088165,0
151088220,0
151088423,0
151116214,1
151120144,1
99675065,0
151083524,1
159248519,1
191290376,0
159381384,0
159340871,0
159231334,0
151083431,0
151083274,0
151083394,1
151083466,0
151083471,1
151083525,0
151084125,0
151086651,0
151086656,1
152647978,1
151121741,0
159271074,0
159270878,0
188393077,0
191290318,0
159269085,1
159249412,0
159382271,0
159256564,1
103658681,0
151093806,1
150144085,0
151083357,0
151083824,0
151086297,0
151086737,0
151087013,0
151087103,1
151118302,1
151274154,0
151083417,0
159270168,1
159321273,1
134697067,0
162587827,0
162233962,1
159436036,1
209016210,1
72711029,1
149372331,0
149372337,1
149372391,0
150074457,1
162327059,1
162322167,0
171354438,1
162331164,1
171595287,0
151056885,0
162325867,0
196649655,0
162377747,0
197142563,1
162309463,0
162327227,1
162327230,0
162232121,1
149372342,1
149372376,1
149372381,0
120592540,0
150152909,0
168924627,1
171354430,1
162326290,1
162323923,0
162314912,1
75361836,0
197144386,1
197145131,1
162316798,1
199190831,1
153307075,1
162304370,0
162325860,0
162322912,0
149372328,1
91900432,0
149372353,1
149372386,0
150144248,1
150144276,1
150144278,1
150144283,0
150144323,1
150144480,0
150144540,0
150262939,0
150263093,1
150263151,0
150263158,0
150263198,0
150263219,0
171354431,1
175865809,1
154061416,0
148967299,0
150143499,1
150143608,1
150143676,0
150143693,0
150143961,0
150144007,1
150144073,0
150144086,1
150144146,1
150144215,1
150144296,0
150144387,1
150145204,0
150262940,1
150262960,1
150263035,0
150263041,0
150263119,1
150263218,0
150143490,1
150143659,1
150143914,1
150144199,1
150144252,0
150144280,1
150144342,0
150144417,0
150144507,1
150144803,0
150145289,1
150146056,0
150165909,0
150263019,1
150263030,0
150263149,0
150263153,1
150263157,1
120528276,1
162844927,1
120431441,1
123246713,1
150143140,0
150143756,0
150143805,0
150143860,1
150144127,1
150144281,1
150145481,0
150175504,0
150182345,1
155361691,0
162436162,1
169030651,1
169030660,1
155361648,1
155361649,0
155361650,0
155361651,0
159568970,1
120584343,0
169030656,0
169030659,0
162377913,0
162312783,0
162320450,1
125585136,1
162790799,0
212742512,0
162326713,0
154027990,0
155361636,1
155361653,1
155361657,0
155361658,0
155361659,1
155361662,1
155361681,0
155361689,1
162575533,0
169030653,0
169030655,0
162311315,0
162424623,1
162440981,0
162327139,1
162314266,0
162317332,0
149837618,0
150951790,0
155361646,0
155361663,1
155361687,1
169030654,0
162813722,1
162326049,1
169030662,0
162432289,1
162378905,0
162318098,0
162326016,1
162331177,0
162319436,1
162314000,0
162317851,0
162322610,0
155361632,0
155361635,1
155361645,1
155361647,0
155361668,0
155361703,0
169030658,0
169030661,0
171356851,1
162425672,0
162388919,0
162318733,0
162377905,1
162321647,0
92919317,1
149373357,0
149373360,0
150276486,0
150422463,0
154228632,0
171357261,0
162480655,0
171966229,0
162424853,1
171574907,0
159152321,0
162479682,1
162440075,0
194790815,1
162441333,0
162424495,0
162574685,0
162481546,0
65294245,1
149373341,1
149373352,1
149373353,0
150276491,1
150284922,0
150284924,0
159270352,0
162653423,1
72325587,0
171575154,1
162483197,0
152342080,1
177106968,1
162624738,1
162627634,0
162480697,1
198871184,1
198878194,0
149373338,1
149373339,0
149375949,0
149375972,1
149375975,0
150262971,1
150422496,0
163391040,1
149933622,1
123723435,1
162628940,0
171574976,0
162462985,0
162469978,0
162480554,0
162653257,0
198873136,1
198875847,1
162480560,0
162598366,1
149373330,1
149373340,0
150056367,0
150144317,0
150612035,1
153750456,1
162575798,1
152579269,1
65293430,0
152542576,0
150685030,0
150632017,1
152523105,1
114053289,0
162665658,0
162525225,0
46775462,0
162480672,1
162482283,0
150608331,1
64237120,1
152521222,1
150689768,0
150620938,1
150535682,0
150635488,1
150535026,0
150535031,0
152579206,0
150608052,0
151027610,0
150605608,0
152540111,1
152576062,0
152562849,0
123240741,0
150321948,0
153946209,1
150632062,0
150818257,0
150610503,1
153389533,0
149110547,1
150611641,0
71382660,0
152560891,0
152553267,0
153233916,1
150557169,1
153251337,1
151015143,0
150689958,0
152542627,0
155302729,1
155231260,1
150416681,1
150416682,1
150416699,1
151306259,0
157761321,1
64813827,0
155542225,0
155563707,1
155221952,1
155335383,1
155350084,0
156580863,1
155571020,1
152519362,1
155240189,1
155230013,1
103446333,1
150416658,0
150416685,1
151306010,0
151268488,1
155257861,1
155287123,1
120454418,1
171356396,1
171598863,1
151328047,0
150959484,1
150324939,1
155605968,1
152579465,0
150376577,0
150376579,1
155317600,1
171401485,0
171356136,1
175789140,0
176233240,1
120537932,0
155323846,1
175272185,1
155314115,0
155571813,0
155570824,1
155236318,1
155296872,0
155710641,1
155441086,1
152510092,1
155221878,1
207282823,0
150376575,1
150376669,1
171401075,1
171356138,1
171356139,1
176957026,0
188838300,1
188930281,1
191290518,1
191291025,1
175012198,1
175012517,1
212313652,1
212337424,1
212779112,1
208522384,1
212779113,1
212779115,1
212779116,1
212779117,1
150376578,1
150376582,1
165537823,1
171061412,1
171400997,1
176230674,1
176528845,1
188580979,0
191290341,0
194886381,0
195417022,1
211980699,1
175419790,1
212309358,1
212779118,1
175419632,0
212779119,0
212779121,1
132399888,1
150376627,1
171401284,1
171061445,1
165948788,1
155356582,1
155674234,1
155298977,1
155476609,1
212779124,1
212779125,1
165947455,1
212779126,1
212779128,1
134145608,1
212779130,1
155643220,1
155269223,1
155350711,0
123242925,1
150416636,1
155221377,1
155214978,1
155275807,1
151004317,0
165142509,0
155480629,0
176658785,1
187722540,1
155359112,0
155226169,0
150958684,0
150319849,0
150963284,0
155274793,1
152519228,1
155350900,0
155357606,1
132399778,1
132400120,1
150416684,1
155249907,1
152501088,1
155466597,1
163734989,1
191290438,1
155614938,1
154051553,1
155229368,0
155229363,1
155269315,1
155217084,1
151083914,0
122855663,1
155239574,1
147059080,1
155230913,1
155223409,1
150416627,0
150416631,1
150416633,1
150416680,0
155251411,1
191290412,0
145512026,0
155257995,1
155459615,1
155339298,1
195940545,1
155232746,1
151015843,1
155308189,1
155210796,1
155485924,0
155228436,0
155309311,1
152536725,1
155229523,0
150376544,1
122330790,0
147770501,1
153112869,1
152147536,1
123240738,0
151831645,1
150544906,1
149321588,0
152325846,0
155233239,1
155560810,0
120568773,1
151074830,1
151565163,1
151132128,0
122753024,0
149473439,1
154570993,1
153194226,1
154704156,0
151249887,0
159344778,0
151197910,0
152791763,1
121100452,0
149250907,1
206034544,1
152310681,1
151251869,1
154547369,1
149228481,0
151058381,1
151413266,1
134697539,0
151577423,1
154231806,1
171401061,0
154236739,0
154362848,1
154231939,1
154982130,1
150787825,0
154364641,0
154553498,1
154231496,1
151575988,0
162626603,1
154388963,0
155057158,1
154231172,1
154389559,1
154231289,0
159435927,1
154309764,1
154313616,1
65294479,1
154231114,0
154236085,1
154231777,1
154232325,1
154308867,1
154288865,1
154342257,1
207110732,0
154231320,1
154285393,1
154282962,1
154338443,0
154361786,1
195687252,1
128069232,1
154255528,1
154358457,1
154319083,1
154363506,1
154734946,0
92916706,0
154319274,0
154233675,1
154230903,1
154231321,1
154302300,0
154281051,0
154756978,0
154385011,0
154232469,1
154316439,1
154360521,1
118163772,1
154237329,1
195687258,1
63960149,0
154231195,0
154263915,0
154363209,1
155361605,0
155361610,0
155361693,1
154263668,1
154358547,1
154237050,1
154236750,0
171356842,0
171566034,0
154251221,0
154365652,0
154250187,1
154316686,1
154236902,0
154273470,1
152522748,0
154236747,1
154231344,1
210696901,0
212779139,0
150074234,1
150074263,0
150074265,1
152264647,0
155361606,0
171356837,0
171356838,1
146698764,1
171356849,0
195686673,0
210695033,1
212779140,0
210802491,1
212779143,1
212779144,0
210699917,1
212779146,1
150074184,1
150074187,0
150074188,1
150074191,0
150074200,1
150074210,0
150074213,1
150074215,1
150074228,1
134697395,1
150074236,1
150074238,1
150074260,0
150074264,0
150074285,0
150074287,1
150074304,0
150074186,1
150074189,0
150074190,1
150074205,0
150074206,1
150074208,0
150074211,1
150074229,0
150074235,0
150074239,0
150074277,0
150074280,0
150074282,0
150074284,0
150074293,0
150074302,1
150074307,0
123241969,1
63959875,1
150074218,0
150074219,1
150074224,1
150074225,0
150074227,0
150074230,1
150074261,0
150074267,0
150074271,1
150074272,0
150074276,0
150074279,1
150074308,1
150074310,0
162015152,1
150074233,0
150074281,0
150143684,0
150143754,1
150144123,0
150144208,0
150144284,1
150144312,1
150144356,1
150144446,0
150144822,1
150145380,0
150262944,1
145223322,1
150263079,1
150263094,0
150263126,1
150263156,1
150263175,1
150263237,0
149372319,1
149372362,0
149372374,0
150143187,0
150143719,1
150143858,0
150144050,1
150144109,0
150144394,0
150144408,1
150144426,1
150144427,0
150144482,0
150145140,1
150262953,0
150263230,1
155793763,0
162165017,0
212306056,1
212305437,1
147048610,0
149372311,1
149372345,1
149372366,1
149372370,0
150423443,0
207165312,0
162325952,0
162324086,0
162327011,0
171603907,1
162325097,0
162184249,0
194886056,1
162327236,0
162326557,1
162322961,1
162327043,1
162322537,0
162326695,0
149372314,0
149372315,0
149372320,1
149372355,0
149372371,0
162164727,1
152350570,0
162327204,0
162326173,1
199051161,1
212304097,0
161153500,1
162548348,1
151153229,0
212303897,1
162321026,0
162374635,0
212306720,0
212779194,1
149372313,1
149372326,0
162324013,0
163373915,0
162320878,1
162323221,0
162326724,0
162326623,0
212304216,1
162322415,1
162387921,0
162326156,1
162323784,0
171556252,0
162320837,0
162161056,0
188937647,0
153194324,0
153055138,1
155361384,1
151614780,1
151590525,0
153718816,1
153034266,0
153136905,1
145330250,1
153787845,1
152822793,0
154062050,1
151590301,1
153048987,1
153037027,1
156673856,1
153624386,1
165659271,1
153105135,1
153086147,0
156999009,1
153177999,0
153626373,1
155361385,0
153168145,0
153033970,0
145218417,1
155361403,1
168924626,1
153361737,0
153360158,0
153357042,0
153665613,0
75087467,1
153639602,0
153057461,1
154086413,1
156994675,1
156604538,0
154775657,1
157760395,0
153552293,1
150263164,1
150376593,0
150376658,0
171061424,1
171061433,0
171061447,1
171356151,1
171356169,0
171592552,1
175404034,0
175410402,1
175885241,0
176140680,1
162033116,0
172378506,1
212697253,0
171727080,1
175404681,0
99885802,1
171061427,0
171061432,0
171061442,1
171061443,1
171356150,1
171356152,1
150939227,1
171356170,0
175404183,1
175404729,0
175944373,1
176106039,1
176826810,0
150537245,1
175124421,0
171727710,1
149373452,1
149373453,0
150376659,0
150423441,1
171061428,1
171061448,1
171372317,0
171372318,1
171556269,0
171556278,0
175818897,0
171556499,0
171556461,0
205014068,0
171556443,0
212779202,1
171556329,0
149373454,0
149373455,1
149373482,1
149373485,1
171354441,0
171372315,1
122372075,0
171556271,0
171556305,0
171556377,0
171302814,1
171556430,0
191290959,0
209924674,1
171556254,1
171556282,0
145943639,0
171556365,1
149373449,0
149373451,1
149373478,0
149373479,0
149373481,0
149373486,1
149792537,1
171372316,1
171372333,0
171372335,1
171556281,1
171556386,0
123387885,0
64783230,0
171556301,0
171556319,0
171556366,0
171556287,0
171556277,0
149373477,0
150422498,1
150423396,1
150423397,0
165006628,1
134697578,0
171372332,1
171372336,0
171556416,0
171556677,0
122314594,0
171556875,1
171595410,0
171595420,0
171596796,1
175402440,0
171556384,0
111391470,1
150422469,1
150422472,1
150422481,0
150422510,1
150422512,1
150422516,0
171595280,1
171595363,1
171595364,0
171595419,0
171595448,0
171595456,1
171595590,0
171595968,0
171596301,1
171595389,1
171595400,1
171595335,0
171595605,1
150422468,0
150422471,0
150422474,0
150422484,0
150422485,0
150422486,0
150422513,0
171196118,0
171357273,0
171595286,0
171595353,0
171595466,0
171595474,1
171595543,0
171598734,1
171722940,0
176888277,0
171196376,0
171196108,0
117750394,0
149373386,0
150422477,0
150422511,1
150422514,1
150423426,0
99675301,0
171196305,0
171595396,0
177111954,0
176058659,0
171595330,1
194819589,1
171610967,1
157830415,0
157732881,0
171595445,0
92917015,0
134697524,0
155364363,0
149373385,0
149373387,0
150423357,0
150423358,0
150423363,0
150423373,0
150423374,0
150423415,0
150423417,0
150423450,0
171529104,0
171529131,0
162180893,0
157735606,0
171556318,0
155357523,0
162314080,0
162314591,0
157753217,1
155071672,0
150423345,0
150423364,0
150423365,1
150423375,0
150423382,1
150423419,0
150423430,0
154976580,0
154973008,1
155076986,0
171401427,1
175171233,0
200482653,0
162290645,0
154934699,0
155398272,0
155707931,0
155071643,0
154942377,1
150423381,1
150423414,0
150423429,1
162289934,0
171356831,0
171529127,0
155055498,0
162083011,0
152231426,1
191291205,1
162284306,0
155378800,0
162326773,1
152242982,1
212779337,1
151515064,1
162325277,1
212779338,0
162087622,0
152296918,1
155361596,0
155361598,0
155361599,0
151551201,1
191290428,0
162015053,0
191290531,1
191290640,1
162080097,1
162093948,1
162087515,0
162088617,0
151738913,0
155361597,0
171356833,0
171356834,0
191290550,1
191291019,0
162082212,0
151519579,0
162080102,0
206780717,0
212251209,0
212267959,0
212290333,0
162326032,1
151517515,1
212779342,0
162079969,0
151514835,0
162098334,1
150265099,1
150265142,1
150416617,1
150416621,1
150416630,1
155339789,0
72699478,1
155330075,1
155227456,1
155225221,1
155384095,1
155232175,0
212779347,1
212779348,1
155272351,0
155536570,1
123242226,1
150217874,0
150265122,1
150265128,1
150265131,1
150265182,1
150416626,0
150416655,1
152519933,1
150725401,1
155560696,0
157631492,0
155326283,1
155275199,0
155225982,1
155302996,1
155231216,1
155347224,0
150144195,1
150376569,1
150376648,1
150693822,1
150694091,1
161234403,1
153440624,1
171356159,1
154381147,0
163120655,1
162695990,1
162553662,1
172350218,1
154365810,0
155302154,1
155487116,0
154232857,0
154245750,1
154232649,0
154384512,0
150376649,1
150693725,1
155141341,1
154243638,0
162545455,1
165975872,1
162545316,1
162552553,1
154246225,1
154560875,0
155994841,1
154563432,0
154302067,1
122765703,0
154352553,1
154384778,1
154231885,1
154469167,0
154247829,1
154302055,1
123241475,1
150376567,1
150694086,1
150694403,1
154253512,1
162618168,1
162873635,1
162625152,1
162624776,1
162687204,1
162772267,1
162905751,0
162628952,0
162574123,1
162711109,1
162542482,1
171400891,1
191290448,1
162685282,1
162727327,1
150376640,1
150376643,0
150376644,1
150376646,1
150693936,1
150694135,1
150694751,1
162625644,1
162651408,1
124573384,1
152320094,1
162687118,1
168975725,1
162702896,1
162774350,1
162876538,0
99675315,1
163147769,1
162688363,1
126050604,0
150144047,1
150236398,1
150376563,1
150376566,1
150694067,1
195436501,1
162629474,1
162616952,1
162626081,1
162776851,0
168975723,0
162639367,1
162629751,1
162635789,1
162624054,1
153311012,1
162567843,1
162689359,1
162877057,0
131534848,1
149373370,1
149373375,1
149793723,0
150376565,1
150376624,1
150423378,0
150423404,0
150423425,0
164060245,0
162077936,1
168924632,0
152461363,1
162616178,0
162722893,1
195180965,0
162574061,0
162690029,1
154967302,0
149373364,0
149373381,0
149373382,0
150143970,0
155053115,0
187743850,0
155058164,0
210792601,0
212012482,0
122758868,1
163723741,0
212789095,1
155045495,1
155317670,0
210667427,0
149373376,0
149373377,1
150423377,0
168924613,0
155046976,0
187762667,0
210293111,0
155337479,0
210586880,0
210587130,0
212789099,0
210491194,0
212789101,0
212789103,0
212789104,1
154972392,1
155071735,0
108797935,1
149373365,1
150376588,1
150423422,0
150423423,1
154945606,0
149653536,1
150607142,1
155072719,1
154932191,0
150489537,0
150612936,1
150433418,1
150612647,1
150506149,0
150612481,1
150509545,0
150527782,1
120460579,1
150674901,0
150489830,0
151792116,0
150643014,1
150449063,0
150424399,0
150516784,0
150422770,0
150488401,0
124112689,1
150624765,0
150516592,1
150650375,0
150498391,1
150686486,0
150614552,1
150433685,1
150423310,0
151572172,0
150631649,0
150488631,1
147433779,1
150680220,0
150643645,1
150680267,1
150527230,1
150633211,1
150488625,1
150501436,1
150426049,1
150630376,1
150612671,0
150502119,0
151819766,0
150613081,1
150500872,0
150624364,0
150492306,0
150632697,1
150376591,0
154199743,0
155361630,0
155361667,0
155361686,1
162314377,0
162369863,1
150623045,1
150459960,0
162312699,1
152302724,1
150506196,1
150610174,1
162311376,1
154029116,0
154200144,0
155361629,0
155361666,0
152280899,1
162380228,1
191290483,1
162376899,1
199918186,0
162424448,0
162394841,0
162323724,0
162331029,0
162433866,1
162327113,0
162369234,1
154027162,0
155361627,0
155361685,0
155361698,0
162388106,0
162432069,1
162327255,1
162436691,1
162433090,0
162326606,0
162433263,0
162377313,0
162369456,1
162313872,0
162394970,0
152295652,0
162424123,1
162312784,1
155361634,0
155361697,1
162378128,1
162378030,1
162369209,0
162322460,1
199999048,1
162374707,1
152297417,1
162523679,1
162412361,0
199948114,1
162331473,0
149375965,0
149375987,1
154042426,0
154057997,0
155361684,0
195014824,1
162393316,0
162317052,0
208616963,0
154228724,0
162395191,0
151517930,1
162316857,1
162383327,0
162548224,1
162317168,1
149375980,0
150276483,1
150284926,0
150284939,1
163370298,0
152323109,0
171357278,0
165513603,0
153142603,0
151575211,0
153118812,0
162480454,0
162722532,0
195274753,0
162482496,1
212789129,0
212789130,0
162634616,0
152042242,0
153868342,1
153057451,1
153142426,0
152320385,0
157422742,1
153056498,1
151685488,0
152047067,0
156164887,1
153056410,1
151775600,0
151272378,0
151632375,0
126927012,1
151243345,1
151537644,1
151682545,1
152518805,1
122408455,0
151258998,1
111600604,0
150612205,0
151817554,0
153312245,1
151268319,0
151288555,1
153035196,0
151775582,0
165765998,0
151832565,0
153029798,1
162480619,0
152543560,1
151302132,1
152320326,0
152410460,0
151234369,1
152620896,1
151302055,1
151574213,0
149373349,1
150276479,0
150422506,0
149185206,1
171357279,0
162481375,0
171908194,0
162480689,0
171966291,0
162481550,1
191291080,1
162604676,0
162482983,0
162575808,0
162576641,0
162575324,0
162547256,0
194871152,0
162482280,0
149373342,0
149375971,0
120592548,0
150284931,0
150422456,0
150422497,1
150422508,1
162482227,0
163403916,0
162624986,1
172370766,0
175990133,0
172370659,0
191291479,0
162482493,0
162576229,0
162630952,1
162413452,0
162483080,1
153429807,0
132400029,1
149373332,1
150276489,0
162017561,0
171907431,0
171907683,0
175906153,0
176472412,1
177120831,0
162441584,0
194871146,0
162464145,0
162625109,1
162746748,0
151574924,1
151575919,1
162090364,0
162098362,0
162097017,0
162325894,1
162323877,1
175926843,0
176105918,0
162091728,0
177120952,0
177168493,0
187626911,0
161497417,0
162099828,1
162065126,0
151514152,0
151514769,0
162083985,1
151572497,1
151308772,1
162097647,0
155361593,0
162280872,0
162282548,0
162286616,0
165802249,0
171356638,0
162086640,1
171356828,1
162323472,1
162087450,0
162325599,0
177168758,0
162039590,0
177168590,0
162092038,1
162015412,1
162097996,0
92925484,0
162280888,0
162280938,0
162284556,0
168725902,0
162082652,1
176101247,0
188867612,1
151280316,0
151294837,0
151310222,0
151394072,1
191291131,1
212239269,0
151575999,1
159194028,0
212789163,1
122442309,0
212789164,0
157519963,1
162284536,0
162284538,0
162286780,0
171356636,0
151170883,1
187907915,0
191290984,0
122758990,0
151353206,0
212789166,1
151499759,0
212789167,0
151302429,0
151128105,0
151140834,0
212789170,0
123242693,1
123253664,0
123253679,1
162278875,1
162279915,1
151302137,0
151161976,1
188718311,1
151293483,0
191290535,0
191290774,0
212789172,0
151302877,0
212789173,1
212789175,1
151307067,0
151303192,0
151132156,0
150721640,1
162281104,0
162283553,1
155308253,1
155337732,1
155532544,1
156001378,1
171356637,0
191290275,1
151481383,0
151276182,0
212789177,1
151305741,0
151243419,0
212789180,1
212789181,0
151491048,0
124523284,1
150027693,1
150217814,1
150217873,1
150222032,1
150265084,1
150265090,1
150416619,1
150416698,1
150750252,0
155670822,1
155271726,1
155466789,0
171330690,1
155521925,1
155221306,1
155304364,1
155274500,1
155305830,1
123242114,1
149782781,1
149921654,1
150218006,0
150265108,1
92916657,1
150265177,1
150416615,1
150416618,1
150416678,1
156006985,1
159596450,1
150725644,1
155275090,0
155295148,1
155298953,1
155531850,1
155211638,1
64784451,1
150217808,1
150217859,1
150217869,1
150217872,1
150222057,1
150265083,1
150265118,0
150265150,0
150416616,0
150723397,1
158435441,1
158578233,1
150489434,0
157418751,1
155275132,1
155301301,1
171330689,1
155215076,1
157431165,1
123242790,1
149373457,0
150376625,1
150416629,1
155812355,1
155303836,1
155366200,1
171407833,0
156996842,1
151056843,0
176246090,0
155532538,1
155534130,1
150796027,1
156698990,1
155536812,1
155480774,0
155214582,1
155302511,1
194333543,1
99319693,0
161206940,0
152446944,0
157138538,1
155292542,0
157482694,1
171356390,1
156707060,0
171612980,1
176665911,1
153250312,1
162089494,0
152521312,1
157258929,1
155319731,1
155443234,1
155227625,0
150113399,0
155236303,0
157784585,0
151012791,0
155378795,1
158998617,0
163374007,0
171357262,0
157675804,1
171607012,1
155509039,0
151058780,1
155331499,1
155317615,1
155319275,1
194333542,1
155230971,1
155638899,1
194333544,1
155511124,1
194886057,0
132400446,0
149373371,0
150423369,0
150423371,0
150423431,0
155303673,1
155084603,0
155366282,0
158161573,0
157733161,0
162055648,0
155056764,0
162320683,1
157716361,1
157848101,0
155481780,0
155070838,0
155652637,0
162312857,0
149372327,0
149373384,0
149373388,1
150423355,0
150423376,0
150423413,0
150423416,0
150423451,0
162056991,0
155054908,0
162086161,0
162054903,0
155365110,0
162318540,0
155460614,0
154941961,1
162077895,0
157759005,0
150423366,0
150423368,0
150423402,0
150423420,0
150423448,1
168469957,0
168924614,1
171529096,0
150701077,1
173275340,0
150491419,0
151867936,1
152015794,1
155307832,0
156151695,0
162319241,1
162097144,0
155003184,0
155367280,0
155073753,0
150376609,1
150376663,0
154607939,0
155645221,1
155647535,1
162345401,1
162346556,1
152330933,1
151932799,1
152287255,1
176934081,0
191290289,1
152255930,1
152012106,1
152255132,1
152326670,1
152263703,1
151905388,0
152013014,1
152263650,1
150376596,0
150376604,1
150376664,0
151940429,1
152461075,1
152760258,1
155645593,1
162345403,1
162357844,0
166551641,1
152375863,0
153633362,0
151949755,1
153178192,1
151834231,1
152244792,1
162776811,1
212789187,1
212789188,1
162480411,0
162105823,1
162071341,1
162301669,0
162097013,0
195405434,1
162073831,1
162097085,0
162097814,0
162107876,0
162097340,0
135415480,0
162099746,0
162097420,0
162097065,1
162074012,0
162097421,0
162011213,0
149373473,1
150423440,0
162195707,0
162103663,1
162097090,1
162098263,0
195183365,0
162097002,0
162094068,1
162012139,0
162011612,0
122797336,0
162103761,1
212789193,0
163116284,0
162083349,0
162098227,0
162241693,0
162096944,0
162097980,0
132399904,1
162097617,0
162097003,0
162097408,0
162099237,0
162097691,0
64785396,0
162097623,0
162097845,0
162098171,0
162083924,0
162097020,0
162095130,0
162104600,1
162033041,0
162097108,0
162011534,0
162075822,0
123244528,0
150422501,0
162060059,1
162015907,0
162097270,0
162097141,1
162095270,0
195097882,0
162097379,0
63960210,0
171556381,1
162088215,1
162089596,0
162064138,1
198006501,0
162098086,0
162094814,0
162097846,0
162262899,0
162097011,0
171372466,0
162095650,0
162097349,0
162097315,0
162097750,0
162097257,0
120780715,0
162097689,0
198371537,1
198963051,1
158513743,0
162097036,0
162091943,1
162015550,0
162063419,0
151572171,1
198430426,1
162076400,0
197774578,0
162308307,0
162270025,0
162309445,0
191290527,0
162099751,0
162280026,0
162082772,0
162006789,0
162097325,0
162070687,0
198532026,0
162096959,0
162089872,0
212789200,0
197800933,0
162098051,0
162097159,0
162014231,1
198564106,0
162097837,0
150416644,1
162043584,1
162065326,1
150038684,1
162028979,0
150156291,1
162075099,1
162241043,1
162098174,1
162082134,0
162301596,0
198450413,0
162097158,0
162089739,0
162094285,0
162072616,0
162099884,1
162035808,1
162003063,0
162003932,1
150416660,0
162010505,1
162029506,1
162033693,1
150702057,0
162033097,1
162097912,0
171872107,1
191290296,1
150701666,1
162089298,1
191290402,0
153481584,1
162234086,1
162014206,1
162327106,1
161995253,1
161971477,1
162093070,1
150416640,1
150416643,0
150416645,0
150416661,0
150416662,0
162112271,1
162093234,1
162030124,1
150050552,1
150035023,1
161995668,1
191290290,1
153055682,1
150701054,1
162015185,1
156873088,0
162051527,1
156998926,1
150700831,1
150263143,1
150416639,1
150416642,1
150416648,1
150416659,1
150416690,1
162047952,1
134697869,0
162085579,1
162088676,1
154260833,0
155095479,1
162092963,1
162093114,1
176005830,0
162232972,1
162053802,1
162098399,1
162318760,1
150376571,0
150376574,0
150694127,1
161226667,1
162707301,1
152459254,1
154231178,0
154653719,1
154329028,1
162874485,1
152666701,1
162740245,1
153386076,1
162649727,1
162710012,1
162929272,1
155058215,1
147048603,1
150651893,0
154231115,1
150693777,1
150694037,1
156182754,1
154396338,0
162574103,1
162925850,1
155993681,1
162705032,1
162944530,1
162937016,1
162574433,1
154233498,0
156289164,1
154253172,1
154260686,0
154390510,1
154231293,1
75756541,1
150694306,1
161234401,0
154741936,1
162771232,1
171401207,0
162642133,1
120447540,0
154365299,0
163110639,1
162574934,1
162574422,1
154392336,0
154286387,1
154248566,1
154639137,1
150633066,1
154231401,0
154246238,1
154253011,0
154584369,0
149373438,0
149373462,0
150376647,1
150423387,0
150423432,0
150693792,1
171356160,1
171372322,0
163141809,0
162635542,1
171983523,0
172353700,0
172353787,0
172370516,1
154383415,0
205633907,1
210797249,0
149793366,0
99675277,0
157415621,0
149373432,0
149373433,1
149373434,1
149373436,0
149373459,0
149373460,1
149373463,0
150423452,0
171354432,0
122778506,0
172349127,1
172353747,0
172353981,0
172354365,0
172370616,0
151048074,0
212789209,0
210695403,0
137549669,0
172370824,1
149373430,0
150423389,0
171354433,1
171372326,1
172370666,0
172370760,0
172370781,0
162083869,0
162087414,0
195228440,0
204747614,0
210791618,1
101696920,0
171556408,0
172353355,0
212789218,0
172353679,0
172353907,0
172353715,0
172349143,0
149373435,0
51233918,0
150376547,1
150423386,0
150805020,0
150499844,1
171556328,0
172353568,1
172370926,0
150502939,1
195006926,0
150541101,0
151292637,1
210676124,1
149334353,1
150308060,1
121698453,1
150733102,1
200779757,0
151241407,1
150376546,1
151305123,1
150642818,1
150536157,0
150444264,0
152294341,1
150307119,1
150613094,1
150624425,1
150551041,1
150326735,1
151233247,1
151277626,0
150507982,1
151236612,1
189995680,1
151027871,1
150775992,1
151307793,1
150642240,0
150376630,0
150946349,0
151237437,1
150638999,0
150502092,0
171401346,0
150440714,1
150443116,0
151015409,0
151237326,1
150551063,1
150625627,1
150416372,1
150501851,1
150635484,0
150636840,1
150435278,0
150535566,0
151300133,0
150735484,1
150376543,1
150376548,0
171401359,1
150795834,1
150516214,1
150435054,1
150796908,1
150492550,1
150488225,0
150630317,1
150309386,1
150938710,1
150622139,1
150460210,1
150538505,0
123427519,1
150636278,1
150963650,1
151299259,1
151158113,0
150694280,1
154705146,0
155339061,1
151789014,1
92918266,0
151014561,1
157815419,0
171356843,1
151189215,0
149331726,1
152259008,1
151134455,1
151778131,0
150775128,0
152144744,1
154781259,0
150701686,0
151180164,1
154776209,1
151759978,1
151068459,1
149235470,0
149228967,0
150751892,1
151824269,1
176756467,1
152535237,0
154703659,1
149331293,1
154704716,1
149316217,0
151085730,1
150732377,1
152343448,0
150764008,0
150789935,1
149372323,0
150694068,0
162325558,0
162325127,0
162320232,1
162326043,0
162326308,1
194886058,0
162387998,1
162326959,0
162921860,0
162325132,0
162235014,0
171604128,0
212305276,1
162166086,0
140953074,0
162326762,0
162320918,0
149372318,0
149372322,0
149372347,0
149372356,0
149372357,0
63959801,0
149372365,0
149372372,0
162326265,0
99675298,0
162323115,0
171397006,1
162327041,0
162325513,0
162320865,1
160243503,1
149361361,0
134670926,1
149372310,0
149372317,0
149372324,1
149372361,0
149372367,0
149373450,1
162326621,1
163189996,1
162326040,0
191290302,0
212304176,0
153389069,0
212307134,1
162319884,0
170922266,0
162330998,1
162326839,0
162325467,1
162377012,0
95171195,0
155361670,0
162279520,0
162280391,0
162281154,0
162282608,0
165928094,0
171354429,1
162098152,0
175906074,0
175930131,0
177170147,0
162098358,0
120456379,0
151514606,0
151306123,1
212789234,0
162320339,0
155361590,0
162279381,0
162280628,0
162284789,0
171356640,0
162082692,1
203013315,1
162016938,1
162326187,1
162097649,0
177168716,0
191290325,0
151569093,1
151310256,1
162064070,0
162281306,0
151519033,1
151390376,1
152267985,1
155361592,0
155361669,0
162283223,0
171356639,0
162082691,1
162097341,0
175890773,0
175892250,0
162083772,1
177121006,0
162326021,1
52933235,0
151516706,0
162094338,0
162279590,0
151310152,1
162281254,0
162094916,0
152295249,1
122796769,1
162076169,1
158921384,1
153315553,1
162059952,1
162053599,1
151701119,1
162053847,1
162053308,1
193967239,1
163503862,1
159753484,1
162017939,1
152519057,1
162003558,1
153180488,1
162032668,1
151822549,1
187717237,1
151189967,1
123244281,1
123245787,1
162062966,1
162032811,1
162082655,1
162044622,1
159382650,0
161936302,1
197331500,1
162063509,1
158679826,1
152518960,0
162079127,1
162072612,1
151809933,1
162005987,0
161995177,1
162083040,1
151242776,1
123244113,1
150144209,1
154578382,1
162859943,1
162938979,1
162936662,1
152425874,1
149466886,1
150373917,1
158920578,0
193967244,1
162015752,1
162050139,0
162032654,1
193972970,1
212789246,1
151179472,0
151048088,0
150376592,1
157403638,1
171061426,1
151822477,1
151797655,1
171356158,0
171400947,0
175403955,0
172342539,0
171734454,1
205500823,1
122778291,0
188713048,0
151873069,1
159402769,1
172339178,1
212789252,1
212789253,1
155638324,1
157401457,1
171356153,0
171356157,1
171356168,1
171725424,1
175403946,0
175403951,0
175404032,0
175404176,0
175404461,0
175413982,1
175403986,0
151798605,1
191291059,0
171847721,0
212789255,0
172057377,1
150143543,1
149641003,0
171061425,1
149319898,0
149475469,1
151112244,1
176820681,0
165948287,0
149560948,0
149321321,0
149320007,0
149313503,0
212697256,0
149326614,0
149563243,0
149358374,1
149463129,0
149315268,0
149875182,0
149326642,0
123248552,1
149803006,1
149462982,0
144691217,1
149316220,0
149465379,0
191290703,0
149315502,0
149647114,0
149331725,0
149321167,0
149317771,0
149321345,0
149502718,0
149463450,1
149357672,1
149465950,1
149469607,1
149316689,1
149369388,0
150263005,1
149704655,0
149492678,0
149315513,0
149325177,0
149326463,0
149470872,0
149566727,0
149924483,0
149332622,1
149571625,1
149617855,1
149467894,0
149561544,1
149464028,0
149616086,1
149321276,1
149321126,1
92926675,0
99674587,0
149375936,1
150074192,1
150074222,1
150074253,1
150074296,1
150074299,0
150074301,0
102348419,0
150794628,0
171192865,1
162424614,0
162092793,0
171556323,0
171595369,0
153036151,0
162515983,0
162323794,0
149329483,1
149315783,0
149647364,1
132399874,1
149373369,0
150074311,0
150234987,1
150416641,0
152634422,0
150418530,0
150427739,0
162480342,0
162627550,0
150535237,0
173612329,1
162459820,0
159313012,0
149314764,1
162739182,0
173612332,0
150537971,0
162481441,1
132399572,0
150074242,0
150074246,0
150074254,0
150074258,0
150074270,0
150074294,1
150074298,1
171061419,1
152139977,0
171907604,0
171907757,0
176637739,0
195449446,1
191290473,1
212703353,1
212789263,1
175012168,0
212789265,1
115221917,1
150376628,1
171061417,1
175421750,1
176820298,1
177130102,1
191290406,1
175054979,1
205168031,0
209957403,1
211961710,1
165950018,1
212307906,1
212703990,1
212789267,1
212789268,0
175012155,0
121698597,0
150917070,1
212703401,1
150376581,1
150376585,1
150376651,1
150376652,0
171061416,1
171401104,1
171061440,1
171356140,1
176540364,1
191290400,1
211991279,1
212012412,1
212789274,1
212789275,0
211775344,0
175012240,1
78574775,1
147488771,1
212789281,1
132399550,1
161206923,0
176820349,1
162013781,1
155707263,0
161993811,0
92916907,0
162011728,0
191290836,1
162082986,0
161999000,0
162058779,0
212703622,0
162095384,0
162042819,0
162006700,1
162093543,1
162059181,1
162469066,0
162065235,0
157786239,0
162016872,1
162003832,0
162013656,1
162099873,0
76345228,0
162055872,0
162011702,0
162088915,0
162003764,0
162089160,0
162094145,1
162097952,0
162063748,0
162047291,0
162098087,0
162032601,0
134698016,0
162098957,0
132400093,1
151056906,0
162060294,0
162062675,0
162078056,0
194566202,0
194904236,1
162097041,0
162014908,1
162055859,0
162060005,0
162060167,0
150249065,0
162013671,1
162309399,0
162097968,0
212789288,1
150758331,1
212789289,0
150376655,1
150416691,1
162574573,1
171061446,1
171356142,1
171356146,1
171356148,1
171356155,1
171356156,1
150690102,0
162711813,1
191290410,0
191290543,1
172364337,1
195687311,1
212789290,1
187397512,1
212789293,1
212789294,0
212789295,1
112664847,0
132400071,1
150236399,1
150694255,1
150694754,1
150900038,1
152459674,1
165947292,1
171356147,1
171356149,1
171356161,1
171356164,1
175260191,0
175213544,1
211961207,1
212789296,1
175226093,0
152004489,1
149475036,1
212789300,1
149373229,1
149373250,1
162446490,1
162441527,0
162479611,0
158454136,0
150458747,1
162460192,0
162480657,1
162445297,1
150531894,0
162480575,0
162447142,1
162481986,0
148215610,0
162480550,0
155482421,0
154961269,1
212789302,0
150263001,0
150423349,0
150423362,0
150423367,0
150423398,0
150423409,1
150423410,0
191290425,0
191455277,0
191455286,0
191455291,0
155356124,0
204205041,0
212789303,1
155329503,0
212789305,0
155384174,0
150422527,0
150423344,0
150423347,0
150423348,1
150423399,0
155383132,0
155050949,0
171354439,1
162088296,0
191455279,1
155067349,0
191455288,0
212789306,0
157147742,1
155369387,0
212789307,0
155071676,0
155897832,0
150423359,1
162278815,1
162279272,1
162281567,0
155042995,0
155332849,0
191455278,0
155230227,0
191626726,0
195424034,0
201064486,0
155055524,0
210151639,0
162068895,0
155052553,0
162088672,0
212789308,0
151327660,0
212789309,0
150222492,0
150244958,0
150265137,1
150265175,1
150416677,0
156029539,1
155350088,1
156152063,1
171408587,0
156194624,0
155275891,1
151195092,0
191290538,1
155275213,1
151285211,0
151302746,0
151568513,1
155333834,0
150217822,1
150259416,0
150265085,1
150265111,1
150265113,1
150265121,1
150265141,1
122778286,1
150416622,1
150416623,1
150416676,0
155685496,1
157755833,0
155353422,1
155333286,0
155337513,0
155629022,0
155472157,1
155817298,1
155272721,1
150217856,1
150217886,0
150217900,1
150251653,0
150265148,1
156006841,1
155670323,1
168891152,1
156170955,1
155268620,1
157439202,0
149361569,1
155274302,1
149629857,0
149316386,1
149802117,0
149507939,0
155271250,1
149363298,1
149312633,0
150263009,1
149357451,0
149478469,1
149591392,1
149670626,0
171595303,0
149321872,0
176112330,0
149316188,0
149498815,0
149463806,1
149354471,0
149322148,1
212789313,0
149464381,0
149466032,1
149364319,1
149368184,1
149557223,1
149319765,1
163735122,1
149780569,0
157142322,1
155508374,1
149514680,0
149927218,1
149321879,0
149581540,1
150110164,0
149477227,1
51794420,0
149369406,0
149509731,1
149315803,0
149381860,0
149594114,0
149314697,0
149462719,0
155755412,1
150416628,0
156546207,1
152503472,0
156547961,1
152522673,1
171061463,1
156086199,1
155318137,0
155643721,1
155838478,1
155907209,0
173024990,1
173831769,0
155208109,1
155794670,1
175528594,0
156029192,1
156572953,1
159433293,1
155447953,1
150416657,1
155535652,1
155465819,1
155820621,1
155652957,1
155441243,0
156734583,0
155214540,0
155419661,1
191290431,1
157000433,1
155338128,0
173635667,1
155763441,1
155638016,0
155491233,1
155227587,1
155807942,1
155389027,1
150056376,1
150376629,1
150416624,1
171061452,1
155223136,0
155474383,1
147549693,1
155439226,0
155543021,0
155515429,0
152520495,1
165972162,0
151242064,0
156009417,0
152519856,0
155508079,1
155439159,1
155438967,1
155759924,0
171407849,0
155844328,1
171556373,1
155505645,0
173025129,1
155474133,1
155318037,1
155458529,1
155369315,1
155317718,1
155549864,1
155536128,0
162482974,1
155644656,1
156437378,0
155448198,0
155407111,1
162436909,1
155643370,1
103446321,1
150416625,0
150416700,1
155486291,1
155318932,0
152443501,1
74294335,1
155318641,1
155545248,1
155417438,1
155429710,0
155385665,1
156059173,0
155318390,1
155522377,1
155353445,1
155228609,0
155335681,1
150958286,0
150074245,1
150074252,0
150074255,1
150074262,1
150074268,1
150074295,0
150074297,0
150423406,0
150423427,1
163737688,1
121113417,0
150701529,1
152370158,1
173184665,0
151237647,0
125585133,0
162029126,0
173612381,0
162425690,0
150074247,1
150074248,0
150074249,1
150074250,0
150074256,0
150074257,0
150074269,0
150074300,0
150074312,0
150423360,0
150535816,0
163370175,0
168469949,0
171357275,0
171556295,0
171907537,1
172371069,1
162774377,0
120584298,0
150074241,1
150074244,0
150074309,0
150376656,0
154231497,0
155361399,0
161206902,1
161206913,0
161206927,1
161206932,0
161206939,0
161206943,1
99675405,0
161206952,1
161206956,0
161206964,0
171357276,1
173612330,1
162095454,0
162524694,0
123256211,1
155361392,1
121871567,0
155361397,1
155361406,0
159753568,0
161206894,1
161206899,0
161206901,0
161206919,1
161206928,0
161206946,1
161206949,1
161206963,1
161206966,0
168575144,0
191290267,0
151047714,0
159252265,0
155361395,0
159980602,0
122758853,0
161206909,0
161206910,0
161206914,1
161206922,1
161206926,0
122778655,0
161206935,0
161206937,1
161206941,1
161206944,0
161206960,0
150427611,0
187322455,1
162094897,1
150502916,0
150808545,0
150376553,1
150322910,1
150417034,1
151389868,1
159419921,1
150326601,1
150280858,1
150505191,1
63960065,0
151028060,0
150621851,1
150329326,1
150320834,1
150503788,1
150500939,1
149047858,1
150300694,0
151301949,1
162431034,0
150319993,1
150356920,1
150318882,1
150376632,1
150376633,0
150445489,0
151133293,0
151410983,1
159434512,1
150448936,1
150612164,1
150502334,0
150501904,1
150320478,1
165763782,1
150320653,0
151028038,1
151015164,1
150536524,1
150492223,1
162482367,0
150056329,1
150056331,1
150056349,1
150056350,1
150056353,1
150056358,1
150056363,0
150056365,0
150056374,1
150056381,0
150056384,0
150056385,1
150056391,1
150056399,1
150056406,1
150056414,1
150056415,1
151028131,1
150684698,1
150950007,0
150056341,1
150056342,0
150056345,1
64879528,1
150056366,1
150056371,0
150056373,1
73193597,1
150056378,1
150056380,1
150056382,1
150056394,0
150056396,0
150056397,1
150056398,0
150056400,1
150056401,1
150056402,1
150056405,0
150056419,0
123244223,1
132399880,1
150056330,0
150056340,0
150056344,0
120460761,0
150416646,1
150040661,1
162097628,1
162098225,0
162092878,0
162093068,0
161997033,1
162040593,1
162221355,1
162015872,1
162098035,1
162010231,0
160501533,0
150039374,0
150416647,1
122778335,1
162094052,1
162099219,1
162004892,1
161908619,1
150160096,1
162048088,0
162093072,1
150217529,1
162076226,1
162317480,1
162002077,1
150701519,1
162017445,1
150348216,1
150701227,0
162006097,1
161971011,1
162318064,1
123244216,1
123244293,1
150217817,1
150416620,1
150416689,0
155337226,1
159505791,1
155279922,1
155333435,1
162051646,0
156058034,1
155305056,1
161965297,1
195687154,1
122796865,1
162125164,1
162097942,0
64784392,1
155232257,1
150217846,1
150265086,1
150265091,1
150265117,1
150265138,1
150416635,1
150416697,1
149738940,1
158926743,1
157541816,1
155295034,1
155339381,1
155225968,1
155278974,1
155211522,1
155487837,1
171598888,0
155274868,1
134697316,1
155274108,1
123242765,1
150222106,0
150265096,1
150265105,1
150265112,0
150265153,1
150265183,1
150416632,1
159506917,1
25403335,0
155351723,0
147505645,1
171061454,1
155218884,1
155522032,1
150615578,1
155302414,1
155535609,1
155671212,0
123242213,1
150265087,0
150265102,1
150265110,1
150265135,1
150265149,1
150416679,1
155866435,0
155295084,1
155222238,1
155276768,1
155232043,0
171330692,1
155248560,0
155354361,1
162772234,1
155274081,1
132399633,1
150262938,1
150376562,1
150376641,1
124112303,1
150693778,1
162625793,1
162684519,1
162550811,1
162685205,1
162635454,1
162697714,1
162625564,1
134698009,1
162626519,1
162944382,1
162574349,1
162621776,1
162694066,1
150376564,1
150376568,1
150694130,1
161226812,1
163007204,1
162872717,1
162625340,1
162877623,1
99675147,1
152442242,1
162634563,1
162700447,1
162717205,0
171401511,1
187719170,1
162847134,1
162690713,1
162574329,1
162770718,1
150422467,1
163733767,1
163739655,0
168924620,1
168924622,1
168924633,1
168924639,1
174998397,0
175985656,1
187717645,0
187720598,0
188287059,0
188290931,0
191290326,0
191290672,1
212789351,1
99675801,1
212789353,1
99674631,1
188162590,0
147221114,0
150422465,0
168924617,1
168924625,0
121198175,0
176085975,0
172354400,0
176696103,1
187717202,0
188195850,0
188305832,0
188307454,0
188308083,0
191290459,0
191290522,1
205064441,0
208417769,0
212048802,1
212789357,0
212789359,1
149373428,0
150423384,0
171354434,0
171372324,1
171372338,1
171372339,0
171556315,0
172015265,0
172350688,0
172352558,0
172370927,1
191290416,1
172370478,1
83777846,1
212789362,0
172370786,1
145410920,0
153311818,1
151273661,1
212789366,1
149373429,1
149373431,0
120454203,1
149373461,0
122331317,0
150423385,1
171372321,0
171372323,0
171372325,1
171898717,1
172370728,1
172370814,0
191290420,0
206034542,1
210942625,0
212789367,0
172363493,1
171556751,0
123241917,1
150416597,1
150416599,1
150416609,1
150416650,1
150416653,1
150416675,0
150416696,1
155193126,1
155227116,1
171470756,0
171520866,1
159164322,0
159381548,1
164623358,0
153578771,0
154260853,1
171520963,0
153501951,1
171520893,0
150416601,0
150416604,1
150416607,1
150416651,0
150416668,1
150416669,0
150416671,1
150416672,0
150416673,0
150416695,0
171470727,0
171520862,0
171521014,0
122758824,0
152832399,0
152757231,0
157023474,0
156984182,0
172316518,0
150416610,0
150423392,0
151891006,1
168469951,0
168469961,0
168469962,0
168469963,0
152945710,0
168470074,0
168470077,1
153399721,0
159381684,0
171520886,0
191290383,0
191290515,0
157677725,0
152127517,0
198006601,1
198006754,1
212789372,0
149373441,1
149373443,0
149373444,0
149373447,1
149373448,0
150423394,0
150423395,0
150423436,1
134697998,0
168469965,0
168470068,1
168470073,0
168470078,0
171372329,1
191074592,0
198006780,0
198006897,1
198021347,0
210794620,0
198010173,1
149373470,0
114053591,0
122191765,1
149373483,0
150423390,0
168469952,1
168469956,1
168469958,0
168470063,0
168470066,0
168470070,0
171354436,0
171354440,0
171372328,0
198006818,1
198872975,0
200984974,0
199892100,1
198006590,0
132399953,1
149373442,1
149373467,0
149373472,0
149373476,1
150423438,0
150423453,1
168469959,0
168470072,1
168470076,0
64787123,1
134697633,1
154231371,1
154422547,0
154231751,1
198009723,0
198967219,0
198006952,0
154055816,1
154356949,1
155361387,1
154362801,1
120568817,1
64784258,0
154252507,0
155346146,0
154368109,1
154231493,1
154391999,0
122362622,1
154231649,1
154231105,1
154231562,0
154231645,1
154286679,1
154232018,0
154329746,0
195274984,0
155057327,0
154232032,1
151338611,1
154097080,0
152445647,0
152329492,1
155361404,0
156984030,1
151055546,1
157850441,0
152442442,1
120592438,0
150700989,0
154305022,1
152128578,1
160515787,0
158009198,1
152428714,1
152459802,1
152430218,1
195687555,1
195687562,1
152445176,1
155361386,0
152432525,1
152436188,1
152452677,0
156999888,1
156999852,1
152445948,1
152413367,1
151027677,0
114053573,1
150726461,1
152320426,0
152360283,1
151817438,0
158103229,1
152455500,1
157968389,1
195864111,1
150376589,0
150376590,0
150701130,1
151309854,0
155361389,0
152419628,1
150663492,1
152380101,0
150701426,1
151590558,1
151192414,1
152379984,0
150611809,0
150503804,0
150535779,1
150488801,1
151807493,0
150452454,0
150538966,1
150506625,1
150376657,0
150453062,0
150498005,0
150489497,0
150424533,1
150624673,1
151301366,1
151136096,1
197536286,1
151015747,1
206127293,0
150649703,0
150487635,1
150612523,0
150621197,1
150779706,1
122379279,0
151119569,1
150425997,0
150779165,1
150376545,1
150376549,1
151242753,1
150308630,0
150689031,0
150659481,1
150951535,1
150493214,1
150502418,1
150630010,1
150781990,1
151305428,1
150902176,1
150624500,1
151250327,1
150622547,0
150639187,1
151013437,1
150449765,1
151237860,1
99675262,1
150074199,0
150074202,0
150074203,0
150074209,1
150074214,0
150074220,0
150074221,1
150074231,0
150074259,0
150074275,1
122362513,1
150074286,0
150074288,0
150074291,0
150074292,0
150074314,0
150732084,1
150074223,0
150074212,0
150074194,1
150074195,0
150074196,1
150074197,0
150074201,0
150074226,1
150074237,0
150074274,0
150074289,0
150074290,1
150074303,0
150074306,0
151514381,1
151514531,0
167301292,1
162081738,0
151513875,1
162099816,0
162327044,1
162323705,1
155361600,1
162098280,0
162011533,1
176698690,0
191290281,0
67367947,0
191290539,1
162090725,0
195686607,0
162213565,0
162325469,1
212789382,1
162101286,1
162082651,0
162288760,0
162082787,1
162066935,1
151514116,0
155361594,1
171356830,0
152216666,1
162092710,0
162099817,1
76548913,1
162079495,0
195686600,0
162078992,0
152295307,0
162090481,0
212789384,0
162087342,0
162090824,0
162092330,0
162095411,0
162064315,0
166671002,0
99319735,1
151514828,0
152242820,1
162085356,1
162327023,0
171356844,0
191290486,1
151514402,0
191291467,0
151519567,0
162080362,1
212007680,0
162041487,1
212789385,0
162324805,1
151514891,1
212789386,0
212789387,0
123244854,0
153870866,1
152528445,0
150606338,1
152539914,0
150621258,1
151068435,0
150685556,0
150527244,0
173373558,0
150559129,0
152554839,0
134697589,0
152522420,0
150535893,1
150629816,1
150530193,1
152568357,1
150688575,0
162093513,1
150626581,0
150559707,0
150562070,1
153884749,1
153307835,0
151056778,0
150550221,1
150552769,0
152569019,1
152538497,0
152560969,1
152549912,0
151307517,0
152539543,0
152520045,1
150605762,1
152556421,1
152665341,1
152554566,0
152532401,0
152849543,1
165636050,0
151087507,0
165637379,0
144838086,0
152536637,1
153871736,0
150558271,1
151939084,1
152575884,0
152524862,1
151010523,0
150560788,1
150536365,0
150554292,0
150536788,0
152733408,0
152534103,1
153190742,1
152521365,0
156197679,0
155273021,0
150527732,1
151004445,0
152561400,1
152522441,0
152534753,1
152522903,0
152521290,0
152556161,0
153037065,1
191290294,1
155312369,1
154089325,1
155603035,1
155217383,1
155535911,1
132399810,0
199230568,1
149375960,0
149375962,0
150056388,1
150416634,1
150416637,1
156093122,1
155211262,1
171400705,0
159752488,1
191290417,1
155491872,0
155461253,0
155456366,0
155343556,1
155215286,1
152471477,1
171142683,1
171244767,0
149375952,1
149375953,1
149375955,0
149375961,1
171313259,1
171521302,1
162482295,0
150299224,1
162765310,0
162481389,1
196179632,0
162424550,0
162627196,1
171350986,1
162480649,0
162480620,0
162482286,1
162543001,0
195447714,1
149375944,1
149375945,0
149375954,1
149375956,1
149375957,1
149375988,1
171148251,1
171521333,1
171521446,1
171521469,1
162727877,1
191290883,0
171200141,0
171521277,1
162480356,1
171159014,0
162545313,0
162627120,0
149375935,1
149375937,1
149375938,1
149375939,1
149375943,1
149375948,1
99674668,0
149375951,1
149375958,1
150056389,1
171364234,0
171521291,0
171521334,1
162604258,1
162481386,1
171521608,0
171283053,1
171521287,0
162773941,1
149375940,0
152445949,1
152335119,1
171157418,1
152361116,1
160481945,1
152444947,1
164614374,0
150702676,0
150701160,1
152401149,1
152442945,1
150799245,0
122766069,1
157005304,1
157944614,0
152242071,1
152452875,1
162845631,1
171452555,1
150812301,0
152441161,1
150701076,1
152332188,1
152431280,1
152442164,1
157822018,1
150701634,1
152405338,1
152432556,0
150767797,1
157851904,0
152007340,1
158085819,1
176106086,1
151764059,1
171797713,1
152059985,1
157912664,1
152060322,1
149372351,0
149372383,0
120592549,0
150701758,1
160402920,1
157000994,1
152995241,1
152411531,1
150701720,1
157816273,1
152361756,1
152346848,1
152404395,1
122191901,1
157851547,0
157991725,1
150801004,0
162187695,0
162318095,1
162186239,0
149372332,1
149372341,0
149372344,0
149372379,0
149372387,0
150423337,1
150423343,0
150423407,1
188758678,1
162322254,0
162313899,0
162241589,1
162377434,0
162322468,1
162262202,0
120592558,0
162306087,0
162326922,0
162316253,0
162320167,0
149372336,0
149372350,1
149372377,0
149373480,0
150423340,1
162325155,0
154060397,1
162317825,0
151045670,0
162308403,0
162320231,0
162327045,0
162316023,0
162320076,0
162310544,0
197142796,0
162308527,0
162325977,0
162283091,0
149372329,1
149372333,0
162331022,1
162059252,1
162058754,0
162319844,0
162326193,1
162235260,0
162860521,1
212789412,1
162366627,1
162325451,1
162326482,1
162063087,1
162061173,1
162550662,1
162331117,1
162432901,1
162434077,1
162434062,1
162425966,1
162433894,1
162327019,1
162325485,1
162436349,1
162561496,1
212789416,1
212789417,0
162323926,1
162323707,1
162434299,1
162460186,0
162430617,1
150423336,0
150423341,0
162063117,1
212327316,1
159446820,0
162326929,1
162325958,1
162481502,1
212789420,1
212789421,1
162058930,1
162425033,1
162327024,1
162426447,1
162309796,0
212789424,1
212789425,1
162325258,1
96409789,1
155361602,1
155361607,0
171356848,0
171563951,0
191290305,0
204688344,0
210744951,0
162325986,1
162326890,1
162058631,1
162436777,1
162432886,1
162322981,1
212789426,1
212789428,1
152265264,0
212789430,0
123244932,0
155361604,1
155361673,0
155361692,1
171356836,0
171356847,0
188871619,0
196936085,0
145765529,0
206034539,1
212784609,1
210700460,0
212789432,0
210702104,1
212120717,0
151514214,1
155361674,0
171356835,0
175958389,0
188179959,1
191290314,0
206034541,1
210639986,0
210751163,1
210786335,0
210804293,0
212789436,0
212789437,1
212789440,1
212789444,0
212789445,1
155361601,1
155361603,0
155361609,1
155361671,1
171356845,0
64783353,0
191290468,0
195712006,0
202743286,0
205867701,0
210616777,0
210682228,1
210671043,0
212789449,0
191788853,0
162630695,0
167987427,1
171521304,1
149373350,1
149373361,0
149375934,0
149375941,1
149375942,1
149375947,1
150422452,0
150422461,0
149464207,1
171364202,0
171521890,1
191290998,1
162643257,0
171521300,1
197623497,1
162606075,1
162483067,0
162480517,0
162424585,0
76071048,0
149373337,0
149373344,0
149373362,0
150276488,0
150422464,0
150423433,0
168469950,1
152555287,0
162531335,0
171966222,0
122331340,0
162874771,0
162624279,0
162844332,0
149729012,0
65294055,0
162479912,0
162625122,1
212789459,0
132399978,1
149375974,0
149375982,1
150284936,0
153033667,1
171574816,1
162480512,1
162441100,0
171576804,0
171967851,0
172370709,1
162574520,0
162480592,0
162043095,1
162423949,0
162483072,0
162428026,0
198876178,0
162481544,0
162062560,1
149375967,1
99675779,0
149728838,0
150416600,0
150416666,0
150416667,0
150422462,0
150422528,0
162583506,0
171521021,1
171521402,1
171574752,0
172352281,0
172370511,0
172370905,0
191291182,0
162719438,0
162629136,1
208402910,0
198853348,1
150416596,1
150416606,1
150416611,1
150416612,1
150416613,1
150416652,0
150416665,1
150416674,1
151860845,0
151876566,0
153488621,1
153498436,0
171470781,0
171520869,1
171520897,0
171522153,0
153501132,1
153761287,0
152127205,0
156993617,0
150416608,1
150416614,1
150416654,0
150416670,1
153134322,1
153482830,1
153502026,1
171520870,0
171520882,0
171520894,0
171520895,0
171520910,1
171521048,0
171522157,0
193787765,0
194498570,1
194498571,0
159381454,0
153566326,1
159382230,0
123241919,1
149373368,0
149373373,1
149373380,1
150416602,1
150416605,0
150423379,0
150423380,1
150423421,0
156999510,1
153627818,1
157005333,1
195180950,0
195180963,0
155042849,1
155365768,0
155045327,1
155366814,0
149373374,0
149373378,0
149373379,0
150423405,1
151860603,1
151861017,1
163735772,1
155249216,0
176275394,0
159179486,0
191291014,0
210376690,0
162070575,1
155337381,1
162092558,0
162091260,0
159433425,1
155361619,0
151782154,1
175889981,1
177096167,1
187298335,1
159430953,0
191290415,0
159016819,1
150732429,0
159430713,0
99674791,1
151860769,1
171433073,1
212789467,1
151860751,1
159418769,1
150779901,0
150776476,0
171433554,1
158988215,1
151083361,0
151860620,1
151860635,1
155361622,1
155361665,1
159430885,1
176106209,1
176118408,1
171975765,1
159433072,1
159431286,1
159419408,0
159420832,0
159430955,0
159418529,0
159434056,1
159431598,1
171432816,1
195071853,1
168470065,0
162876818,1
160092271,0
152944133,0
176105811,0
176908566,0
177096142,1
171432913,0
191290361,0
159430887,0
158971613,1
212789472,1
159023882,1
150732788,1
171432908,1
159374403,0
212789473,0
148602027,0
149375968,1
149375979,1
150284923,0
150416598,1
150423383,0
162729175,1
162727034,1
162705526,1
173406852,1
162575950,0
162676240,0
162515784,1
195071704,0
195071752,0
195073377,1
162912427,0
162481467,0
162750928,0
212789475,0
85952195,1
149373336,0
149375963,1
149375984,1
150422503,0
150422505,0
150422509,0
162482970,0
162470415,0
162576132,0
162483102,0
162705550,1
162685298,0
110389741,0
162441104,0
162483007,0
150111161,0
162475097,0
162426634,0
212789477,0
149373356,1
149375964,0
149375970,0
149375981,1
149375989,1
150276481,1
150276482,1
150276484,0
150284933,0
150284940,0
162612319,0
162745274,1
171907682,0
162424348,0
162574988,1
145883978,1
173612369,0
92922360,1
195274715,0
210383781,0
171556310,1
154231922,0
173612367,0
146281332,1
162437154,0
